Samples,Runtime,DivergenceRate
100,0.143783,0.0
500,0.714832,0.0
1000,1.391385,0.0
2000,2.807918,0.0
5000,8.335045,0.0
10000,15.903181,0.0
